{"0x0995Cbe6358DcE67f7c2e89d7743811220A39b37": 8.204708222061217e+18, "0x08D1D72e56a7Ee268F98852cbe379a1CA3cE23Cc": 1.8739102957957796e+19, "0x8a838CD86Ff9aE0DF83B05Da9747974da6D0CB0E": 6.474406774161183e+19, "0x6Ae94acF8B1fC492064749279f5F8F8B9E1953a3": 7.511891963814984e+19, "0x04DB851871D4474FC0977C9d1334c6bCe2e05508": 1.1647399634794276e+20, "0xCf052b28549aDd767B331495828e63D3503bBea9": 2.073583430509124e+20, "0x681Cbae1C41e5eeC8411dD8e009fA71F81D03F7F": 2.486282725564558e+20, "0x6E1f0db318C75E5E42E961e5D8966117bD4417a8": 2.991629947716337e+20, "0x9BBe0316259E4d0F59f506B5F747F5916972062F": 3.040300480249703e+20, "0x8FaD9c07E4B3357073Bf62EF7d091BCFF4Ef4011": 3.1209680471176636e+20, "0x824fFB1F9A8Bc5015AF644db33D1A11E9ab823D2": 3.480511840602398e+20, "0x8888AAE58579F243C6873aB2b6e6706fAEbe8F17": 3.5407034719059365e+20, "0x11B1785D9Ac81480c03210e89F1508c8c115888E": 4.05654405754921e+20, "0xb48d6C33A96F5519C82569b478fcD723b3A94a2A": 4.1341694733457136e+20, "0x89733453928EefD8C40A9bdf98059E7ff7688943": 4.272822321014151e+20, "0xB491C3Ff7Fe73FA728Cb5BEbEaaCE1cB426cCdbe": 4.391061108056462e+20, "0x654A3f87E37F15f02dF9F79Dc6Ad623A2EBD53E9": 5.194937951240041e+20, "0x654e84896d0A0d639DF6E1367EDB10Cb4a490f96": 6.445885623278279e+20, "0xAC59f71c383De1EF94802676F72F1BAe3D7d3029": 7.194466860254217e+20, "0xAF1890305fCff4bF485d09eFafE08bb07Fa2A74F": 7.634816416185103e+20, "0x6981378E696B0dd0e585D4D519C98B8A2c5bC020": 8.306493246666409e+20, "0x6cFe9755269786F6681518c00BD22801f98f9e57": 8.388430223982196e+20, "0x9a568bFeB8CB19e4bAfcB57ee69498D57D9591cA": 9.879020397877513e+20, "0x25CD302E37a69D70a6Ef645dAea5A7de38c66E2a": 1.2079698228667076e+21, "0x0f3FD5D797eEcaeFB9E21c63038091b7E60FA031": 1.2121739324117185e+21, "0xdFdf61b4c32d11227943906181a71Ef1BE2A9220": 1.4202671248431726e+21, "0x051a139352767fd9C7Cf7FFFc8ace0D80f933B92": 1.428846038191316e+21, "0x26D20F7F778c16bC760D1F609419569aB8D6F08D": 1.6247982394149175e+21, "0xbA615d7a09D37b7E4d80D1D0695c107CfC9a56F2": 1.6395563133174987e+21, "0x86A43656B482243803925194624Ea1d92692d852": 1.7684066258081892e+21, "0xBeF716e7fBC844020925dc372879becd2f932bF9": 1.9814057862970288e+21, "0x6aD1faFD3b18f6d694229f83e7Bf334da44c9416": 1.9823317581491919e+21, "0x9e577fa628938bca0797ce9d660dcB3e9c20c154": 2.0368454914395668e+21, "0xB4394f3DeaB6D7A9d27fB542EAfacc32c3C01076": 2.205616880438042e+21, "0x3Cc6dD60c0678fE290a16Df905AA2ECF09Cd09B4": 2.533331058030092e+21, "0x1F2199f657B6594e975B26bA88F4269f865e5F79": 2.860309930816146e+21, "0xf6d9ba1cfaB5d97D1D3A387b1fF5aF83a793FD5e": 2.887837043307009e+21, "0x497D32a3f4e9A4aced0a485c905A167B0517fE0D": 3.028306116065431e+21, "0x45A30D3d2595897017FB95288d2fB4eeDe2113C2": 3.2508826452486904e+21, "0xab41D7d1a92014A43ba328d6fee212053aF8B905": 3.344467163364076e+21, "0xE3e202b2CAC2B3eC41219C69fE0D2352b19cef69": 3.499668354501716e+21, "0x5E0AB27Ddc31728485Eeae36F60bdDFDcaab896c": 3.5124997305011e+21, "0xC8F4cB391f69d0af79cDB19675Ff67337eE316e9": 3.676877254937369e+21, "0x188C30E9A6527F5F0c3f7fe59B72ac7253C62F28": 3.7256490938519037e+21, "0x3C6d28b67424C093caca5e7cdC3B3af31295A2eE": 3.8704518870181725e+21, "0x8Db284036B72327BDd6CF5C01747aF4795b8cd18": 3.921775613520631e+21, "0xCbD6b0DeE49EeA88a3343Ff4E5a2423586B4C1D6": 3.942600394194854e+21, "0x338A8F0e59eF711b54d7faB5a23aDa9AbaE3B3bE": 4.088131304338453e+21, "0xBD1f7d88C76A86C60d41bDDD4819fAe404e7151E": 4.7114360924056144e+21, "0x5ce259AEDcD14038aD2c35Ecaa7B6b2974d339AC": 4.799167821679386e+21, "0x48f9B36ffE80B21F52efB12BE6749110f70B17D5": 5.011596490510861e+21, "0xE06A703E0CFB26B30d2d0f533ff79c27B12b9e10": 5.849418799008542e+21, "0xFD9cE48c96617BF6Ccc7C37044b1a22638B71E02": 5.920375321770977e+21, "0x4Db4683485A116381E363a6DAf5427d70DAcb68b": 6.098400758652219e+21, "0x70cE2E00C7D01Ea7f63d28189E7Fd57748c6296A": 6.239845795542556e+21, "0xFED8d9AbcC0c64392a03D85B41D5Eb711eafC7A7": 6.765369271376276e+21, "0x2E7296EBc57Fcf7c0b112D2a46062017bE2b1792": 6.864801551380622e+21, "0xA9Cdf0542a1128C5cAca1E81521A09aEc8abe1a7": 7.030048700429689e+21, "0x209f6ec7428A1caE4D02694f64a38282B35c0A98": 7.190180005468229e+21, "0x69746b02db2Bf64b59F239851cf4293Bd2D359f8": 9.456525684208644e+21, "0x3dd546e60456Cc06d51687DAd722A734B73C0bee": 9.6350085722776e+21, "0x4b0E44E6f96c5127126F759F3666CA7670320331": 1e+22, "0x670DD88347a2e0637Ae9cc9023543AeE5ad24E09": 1.011691251252697e+22, "0x42a639cecfE2955411b69F3c05b9f29f1BBf0770": 1.0493408851194584e+22, "0xa6A0e32744459dc0E54E2abF87390e3Bf8bDE674": 1.0714766116474877e+22, "0xEDF7b675a2fE3c27efb263fb4c204A3f0fb17D46": 1.0972125345808447e+22, "0xdF604c33b07c20Dd3C29C5246D943300d3f7d366": 1.1362814847113637e+22, "0x80E919B3C5Db2D2AF847839d61dbca0e46572920": 1.2149669745463182e+22, "0xFCB161BC040858EFf8333345c6e7A9c5a23Cf713": 1.2639301851129965e+22, "0xac0F1af3B5439d0954E83eDe9B7C4A0772178217": 1.2742209300166305e+22, "0xBd261d7731355402ec5642bBB9faB8576e7e1d3b": 1.4340201875098653e+22, "0x6959754dDe646F5366A80cCE848daA606AEf7F16": 1.4808918767287323e+22, "0xC49b6C714feaF22b12eB02A01521dAb6EDd1fCbd": 1.5227363183411652e+22, "0x71eC1Bc3065F9f23Ab91f6924D86456D21C177a2": 1.5588679464356558e+22, "0xF71D161FdC3895F21612D79f15Aa819b7A3d296a": 1.5838961026848814e+22, "0x2c43FA801c1079E4f4790dFc222385A912642e12": 1.5863661002620186e+22, "0xeA51de3BCFCDA969eAE74F27b9785611b0C43550": 1.586811589365575e+22, "0x3d4cA40C366E25EfD5B72F82aED3Aa99c76d1AB5": 1.6020195878708047e+22, "0x3203d3d5BbeD4fe644FA97372051fc26c2739a30": 1.8266553160211961e+22, "0x57C57B4F2f2eBfe22BE9291169ef9Eb693AC96Ec": 1.9126738588501333e+22, "0x006C666E94Cad1D3DdF3c90B9FD5e03F83BAa670": 2.058402218982607e+22, "0xA8c8eFCaecf94D2254844044D6B1861496b8a90f": 2.0834965274356773e+22, "0xA8c8b09549F3B83f9c742C22eFaf8FFE3dBE4E37": 2.100766066895714e+22, "0x297946c26171008BA8c0e5642814b5Fe6b842Ab7": 2.1101335646164813e+22, "0x8778CdAfA8E4072f394F85b0549ae7C8Bb379040": 2.157376172452991e+22, "0x9d3117017674016732c57f0eF8D8CEB46A95F8F4": 2.184145782799991e+22, "0x6f2B9fA5D8e6b5a9d387a03C002bD9920e0dCFdE": 2.2553602062684044e+22, "0xF72EC7BfB2AA9170859d5E759943a96d30fcE15E": 2.3964425989684432e+22, "0xcBffa92c0f0B183D5F47BcfE97Ad166914aFbBFB": 2.42263376322288e+22, "0x15CDF4E02055C44231fd6D8dAfD487b192697421": 2.5119867937739275e+22, "0x37160d02f18ddC76FEbC8b4F2a6Edda98Ec2a9C0": 2.5677323221882502e+22, "0xf486d56ccE70c481b3455aF901fCC4F03FeE8107": 3.0111087699572203e+22, "0x9b616Ac1D31F17Be9B23560d93699cA7732e2808": 3.3092902287740773e+22, "0xfbf202bc6cE6DCd67133725ae163d9796069e637": 3.337171364260237e+22, "0x6C2a10f731f164051840e2F4e687Ce6bdBBe1E16": 3.482719234105668e+22, "0x6Cd68E8f04490Cd1A5A21cc97CC8BC15b47Dc9eb": 5.034958063687796e+22, "0x11d16bb36B37914eE03348639c4392Cb943A58C0": 5.484471102462746e+22, "0x84098930274f61B3Db0aF7d66Fa44049aD008F07": 6.0310672141316014e+22, "0xE10BfD27a5a522f02c756816FBe0D1347919eEEd": 6.535825905801608e+22, "0xf306841c2a64a3329Ead1c7da59cc61D65bD4B13": 8.763986823619832e+22, "0x5fa483D02A78fCF0e5DD0670B5d4B60A0BE1de33": 9.836918847528537e+22, "0xc48B00607c88817E69779B686C3E388380E4A17e": 9.878010699423117e+22, "0xC77c6eAB64FB3986CEEae9a76081Dd2097EDcd0c": 1.0039555252899425e+23, "0x5E03ABc56A207c0894C7E79f4195F0695dea32dF": 1.1212142088344608e+23, "0x5313dAF5237Ce63467750dE430983AdFe1336172": 2.615887028259587e+23, "0xe579Ac2dce69f44cC85d8D66e5EeCc8FC4fe292A": 3.657715774929912e+23, "0x9DE1d0c4ec447242a5a13E26Ff7FE68E8158E489": 5.918988854368804e+23, "0x9eD06cAAb983eDD78579296174a4EcC087a52096": 7.399498928979044e+23, "0xe01D74e6f59d82219FC351B6E0142753d29663E1": 1.0276762716045089e+24, "0x29961513051AFFE355f6db49Cb7E81B4970b4492": 1.3080163707917962e+24}
