{"0x9BBe0316259E4d0F59f506B5F747F5916972062F": 3.465297774084338e+17, "0xB491C3Ff7Fe73FA728Cb5BEbEaaCE1cB426cCdbe": 3.712971805528347e+17, "0x11B1785D9Ac81480c03210e89F1508c8c115888E": 5.809986780502881e+17, "0x654A3f87E37F15f02dF9F79Dc6Ad623A2EBD53E9": 8.577490467232214e+17, "0x6Ae94acF8B1fC492064749279f5F8F8B9E1953a3": 9.211633888414072e+17, "0x8888AAE58579F243C6873aB2b6e6706fAEbe8F17": 1.1989092280525463e+18, "0x8FaD9c07E4B3357073Bf62EF7d091BCFF4Ef4011": 1.7345297543545283e+18, "0x654e84896d0A0d639DF6E1367EDB10Cb4a490f96": 1.7917225147040435e+18, "0x6aD1faFD3b18f6d694229f83e7Bf334da44c9416": 2.010684836943756e+18, "0x86A43656B482243803925194624Ea1d92692d852": 2.911396066293597e+18, "0x6E1f0db318C75E5E42E961e5D8966117bD4417a8": 3.2236489619505285e+18, "0x89733453928EefD8C40A9bdf98059E7ff7688943": 3.28829222641833e+18, "0x338A8F0e59eF711b54d7faB5a23aDa9AbaE3B3bE": 3.4408074801111276e+18, "0x8Db284036B72327BDd6CF5C01747aF4795b8cd18": 4.5980247741591946e+18, "0x26D20F7F778c16bC760D1F609419569aB8D6F08D": 4.856283225590242e+18, "0x0f3FD5D797eEcaeFB9E21c63038091b7E60FA031": 5.026038557011015e+18, "0x80E919B3C5Db2D2AF847839d61dbca0e46572920": 5.213899232845324e+18, "0xb48d6C33A96F5519C82569b478fcD723b3A94a2A": 6.074861705759484e+18, "0x824fFB1F9A8Bc5015AF644db33D1A11E9ab823D2": 6.479242427697182e+18, "0x670DD88347a2e0637Ae9cc9023543AeE5ad24E09": 6.509180664986972e+18, "0x8a838CD86Ff9aE0DF83B05Da9747974da6D0CB0E": 7.053918529880314e+18, "0x5ce259AEDcD14038aD2c35Ecaa7B6b2974d339AC": 7.205334374388427e+18, "0xFED8d9AbcC0c64392a03D85B41D5Eb711eafC7A7": 9.052773116431931e+18, "0x70cE2E00C7D01Ea7f63d28189E7Fd57748c6296A": 9.793124919822248e+18, "0xE3e202b2CAC2B3eC41219C69fE0D2352b19cef69": 1.034426842312942e+19, "0x1F2199f657B6594e975B26bA88F4269f865e5F79": 1.0707396352780638e+19, "0xBD1f7d88C76A86C60d41bDDD4819fAe404e7151E": 1.1994655551283857e+19, "0xA9Cdf0542a1128C5cAca1E81521A09aEc8abe1a7": 1.2142507694058125e+19, "0x209f6ec7428A1caE4D02694f64a38282B35c0A98": 1.2393363989056997e+19, "0x4Db4683485A116381E363a6DAf5427d70DAcb68b": 1.248297264915173e+19, "0x497D32a3f4e9A4aced0a485c905A167B0517fE0D": 1.420020826995895e+19, "0x6cFe9755269786F6681518c00BD22801f98f9e57": 1.553761219488736e+19, "0x2E7296EBc57Fcf7c0b112D2a46062017bE2b1792": 1.6565186359573156e+19, "0x25CD302E37a69D70a6Ef645dAea5A7de38c66E2a": 1.6997297541282599e+19, "0x5E0AB27Ddc31728485Eeae36F60bdDFDcaab896c": 1.701189866707761e+19, "0xd08fEDd6bA1A1aD289A1A8503DE45d9Aef53cF15": 1.7126509278017438e+19, "0xdFdf61b4c32d11227943906181a71Ef1BE2A9220": 1.7323119823423631e+19, "0x9a568bFeB8CB19e4bAfcB57ee69498D57D9591cA": 1.7448136128336962e+19, "0xF71D161FdC3895F21612D79f15Aa819b7A3d296a": 1.7501732916303426e+19, "0xf6d9ba1cfaB5d97D1D3A387b1fF5aF83a793FD5e": 2.0088065665495745e+19, "0xBeF716e7fBC844020925dc372879becd2f932bF9": 2.0217752332531184e+19, "0xeA51de3BCFCDA969eAE74F27b9785611b0C43550": 2.1905750450364793e+19, "0x3C6d28b67424C093caca5e7cdC3B3af31295A2eE": 2.1970122721678377e+19, "0xFCB161BC040858EFf8333345c6e7A9c5a23Cf713": 2.26618064241391e+19, "0x9e577fa628938bca0797ce9d660dcB3e9c20c154": 2.3948908630840033e+19, "0x08D1D72e56a7Ee268F98852cbe379a1CA3cE23Cc": 2.563107393199571e+19, "0x006C666E94Cad1D3DdF3c90B9FD5e03F83BAa670": 2.6859644500786094e+19, "0x15CDF4E02055C44231fd6D8dAfD487b192697421": 2.723399742103883e+19, "0xfbf202bc6cE6DCd67133725ae163d9796069e637": 2.7483148692161937e+19, "0xE06A703E0CFB26B30d2d0f533ff79c27B12b9e10": 3.0836079534316945e+19, "0x9d3117017674016732c57f0eF8D8CEB46A95F8F4": 3.107701866853785e+19, "0xBd261d7731355402ec5642bBB9faB8576e7e1d3b": 3.1853027791956558e+19, "0x6981378E696B0dd0e585D4D519C98B8A2c5bC020": 3.261566474820567e+19, "0x57C57B4F2f2eBfe22BE9291169ef9Eb693AC96Ec": 3.2967830161493037e+19, "0xdB95A0B49472779c5a762A4B0C6b726a0910d4c3": 3.311672871550454e+19, "0xC8F4cB391f69d0af79cDB19675Ff67337eE316e9": 3.762753116235346e+19, "0xC49b6C714feaF22b12eB02A01521dAb6EDd1fCbd": 3.786470641502085e+19, "0xA8c8b09549F3B83f9c742C22eFaf8FFE3dBE4E37": 3.928778025098632e+19, "0x6959754dDe646F5366A80cCE848daA606AEf7F16": 3.999200415598338e+19, "0x71eC1Bc3065F9f23Ab91f6924D86456D21C177a2": 4.096802185309668e+19, "0x6C2a10f731f164051840e2F4e687Ce6bdBBe1E16": 4.1341807095159095e+19, "0x9b616Ac1D31F17Be9B23560d93699cA7732e2808": 4.297302164920621e+19, "0xcBffa92c0f0B183D5F47BcfE97Ad166914aFbBFB": 5.075722749778766e+19, "0x2c43FA801c1079E4f4790dFc222385A912642e12": 5.294246160484906e+19, "0x8778CdAfA8E4072f394F85b0549ae7C8Bb379040": 5.608541773072637e+19, "0x45A30D3d2595897017FB95288d2fB4eeDe2113C2": 5.6344701159448945e+19, "0xF72EC7BfB2AA9170859d5E759943a96d30fcE15E": 5.721697060762446e+19, "0xab41D7d1a92014A43ba328d6fee212053aF8B905": 6.1651857854084284e+19, "0x69746b02db2Bf64b59F239851cf4293Bd2D359f8": 6.540918601716166e+19, "0x3dd546e60456Cc06d51687DAd722A734B73C0bee": 6.6597020523275395e+19, "0xB4394f3DeaB6D7A9d27fB542EAfacc32c3C01076": 7.193497698471105e+19, "0x37160d02f18ddC76FEbC8b4F2a6Edda98Ec2a9C0": 7.304973231844753e+19, "0xf486d56ccE70c481b3455aF901fCC4F03FeE8107": 7.332528422996287e+19, "0xA8c8eFCaecf94D2254844044D6B1861496b8a90f": 8.15166814550679e+19, "0x3203d3d5BbeD4fe644FA97372051fc26c2739a30": 8.693334937456129e+19, "0x3d4cA40C366E25EfD5B72F82aED3Aa99c76d1AB5": 9.049567702630226e+19, "0x297946c26171008BA8c0e5642814b5Fe6b842Ab7": 9.331957978340834e+19, "0x29961513051AFFE355f6db49Cb7E81B4970b4492": 1e+20, "0x84098930274f61B3Db0aF7d66Fa44049aD008F07": 1.1250494592221949e+20, "0x6Cd68E8f04490Cd1A5A21cc97CC8BC15b47Dc9eb": 1.1992493168075745e+20, "0xFD9cE48c96617BF6Ccc7C37044b1a22638B71E02": 1.2339532940473025e+20, "0x5fa483D02A78fCF0e5DD0670B5d4B60A0BE1de33": 1.4292381871368908e+20, "0xf306841c2a64a3329Ead1c7da59cc61D65bD4B13": 1.4903332461723943e+20, "0x3Cc6dD60c0678fE290a16Df905AA2ECF09Cd09B4": 1.5747661112242602e+20, "0xCbD6b0DeE49EeA88a3343Ff4E5a2423586B4C1D6": 1.601681907641545e+20, "0x6f2B9fA5D8e6b5a9d387a03C002bD9920e0dCFdE": 1.6341158210832495e+20, "0x188C30E9A6527F5F0c3f7fe59B72ac7253C62F28": 1.635275590920831e+20, "0xC77c6eAB64FB3986CEEae9a76081Dd2097EDcd0c": 1.7441045160672307e+20, "0x051a139352767fd9C7Cf7FFFc8ace0D80f933B92": 1.7918122495541477e+20, "0xc48B00607c88817E69779B686C3E388380E4A17e": 1.824205815108471e+20, "0x5E03ABc56A207c0894C7E79f4195F0695dea32dF": 2.0096022602178727e+20, "0xE10BfD27a5a522f02c756816FBe0D1347919eEEd": 2.0467895692817236e+20, "0xEDF7b675a2fE3c27efb263fb4c204A3f0fb17D46": 3.5889193786363956e+20, "0x11d16bb36B37914eE03348639c4392Cb943A58C0": 3.877505228078272e+20, "0xac0F1af3B5439d0954E83eDe9B7C4A0772178217": 6.932043766960486e+20, "0xe579Ac2dce69f44cC85d8D66e5EeCc8FC4fe292A": 7.18393830345652e+20, "0x9DE1d0c4ec447242a5a13E26Ff7FE68E8158E489": 9.552159727505576e+20, "0x42a639cecfE2955411b69F3c05b9f29f1BBf0770": 1.117660184359584e+21, "0xe01D74e6f59d82219FC351B6E0142753d29663E1": 1.8328945137100495e+21}
